{"loss": [1.2807862758636475, 0.4185715913772583, 0.2574497163295746, 0.1819019615650177, 0.13529625535011292, 0.10457008332014084, 0.09038183093070984, 0.07309772819280624, 0.06309091299772263, 0.05691307783126831], "accuracy": [0.6231737732887268, 0.8663204908370972, 0.9174052476882935, 0.9410057663917542, 0.9554164409637451, 0.9651326537132263, 0.9705384373664856, 0.976314127445221, 0.9797425270080566, 0.9810797572135925], "val_loss": [0.5307035446166992, 0.273711621761322, 0.24594992399215698, 0.152904212474823, 0.12353876978158951, 0.12357605993747711, 0.11616969108581543, 0.14508910477161407, 0.09763526171445847, 0.09636598080396652], "val_accuracy": [0.8309242129325867, 0.9130434989929199, 0.9209538102149963, 0.9500341415405273, 0.9590826034545898, 0.961586594581604, 0.9632938504219055, 0.9589118957519531, 0.9713180065155029, 0.9720008969306946]}